ProductId,n,sd,avg
B008ADQZ1C,5,0.44721359549995787,4.8
B000KM1XP4,6,0.408248290463863,4.833333333333333
B000FA15OU,5,1.7888543819998317,4.2
B00061MUR4,5,2.1908902300206643,2.6
B005A8SDCO,11,0.40451991747794563,4.818181818181818
B000EMNKXS,10,0.42163702135578407,4.8
B000RE6GLG,11,1.6624188291872668,3.8181818181818183
B001EO5U2O,11,1.5491933384829666,4.0
B003DVKBK2,21,0.3585685828003181,4.857142857142857
B000YKD1JS,19,0.0,5.0
B004I5KOM2,22,1.7728105208558367,3.0
B000JX0A76,20,1.460893742308382,4.15
